ルームID,メッセージID,アカウントID,発言者,送信日時,更新日時,本文,状態
100,10001,11,青木,2024-10-02T09:00:00+09:00,2024-10-02T09:00:00+09:00,社内チャット検索の目的は、以前の相談や決定の根拠にたどり着くことです。新しい情報と古い情報を区別しましょう。,active
100,10002,22,佐藤,2025-01-15T10:00:00+09:00,2025-01-15T10:00:00+09:00,検索に表示できるのは現在参加中のグループだけです。退室すると以後の検索から除外します。,active
100,10003,33,森,2026-06-01T10:00:00+09:00,2026-06-01T10:00:00+09:00,【運用方針】添付ファイルの本文は今回の検索対象外です。会話に書かれた説明を探してください。,active
101,10101,11,青木,2024-11-05T09:30:00+09:00,2024-11-05T09:30:00+09:00,星野商事の初回導入について相談です。当初の納期は11月末、予算は80万円を見込んでいます。これはまだ検討案です。,active
101,10102,44,高橋,2024-11-05T10:00:00+09:00,2024-11-05T10:00:00+09:00,[rp aid=11 to=101-10101]移行対象が増えたため、11月末の納品には間に合わない見込みです。移行試験を優先して日程を再調整しましょう。,active
101,10103,11,青木,2024-11-06T14:00:00+09:00,2024-11-06T14:00:00+09:00,【決定】星野商事と合意し、納期を12月15日に変更します。理由は既存データの移行試験に追加期間が必要なためです。費用は90万円で確定しました。,active
101,10104,44,高橋,2024-12-15T17:00:00+09:00,2024-12-15T17:00:00+09:00,星野商事への納品と受入確認が完了しました。未解決の課題はなく、翌月から保守へ移行します。,active
101,10105,11,青木,2025-07-01T11:00:00+09:00,2025-07-01T11:00:00+09:00,案件番号 HS-204 の更新契約です。前年の導入費用と混同しないでください。今回の保守契約は月額3万円です。,active
101,10106,44,高橋,2026-08-20T13:00:00+09:00,2026-08-20T13:00:00+09:00,【変更】星野商事の保守契約は9月から月額4万円に変更します。対象拠点の追加について先方承認を得ました。,active
202,20201,22,佐藤,2024-11-06T09:00:00+09:00,2024-11-06T09:00:00+09:00,検索基盤の移行作業です。SQLで閲覧権限を適用してから結果を返します。画面上だけで隠す設計にはしません。,active
202,20202,55,伊藤,2025-06-12T15:00:00+09:00,2025-06-12T15:00:00+09:00,障害調査：同期処理が停止した間に投稿が100件を超えた可能性があります。復旧後も全履歴が揃っているとは断言せず、再エクスポートで確認します。,active
202,20203,22,佐藤,2025-06-13T09:00:00+09:00,2025-06-13T09:00:00+09:00,【復旧】API認証を更新しました。検索サービスは再開しましたが、欠損疑いの警告は確認完了まで残します。,active
202,20204,55,伊藤,2026-08-10T11:00:00+09:00,2026-08-10T11:00:00+09:00,【決定】プロトコルは読取専用MCPに限定します。任意SQL実行やChatworkへの書き込みは公開しません。,active
303,30301,33,森,2025-02-10T10:00:00+09:00,2025-02-10T10:00:00+09:00,【人事限定】採用計画の予算は120万円です。営業・開発にはこの部屋の閲覧権限を与えていません。,active
303,30302,66,山本,2026-07-01T13:00:00+09:00,2026-07-01T13:00:00+09:00,採用面談の候補日を7月20日と7月22日で調整します。候補者名や面談内容は全社ルームへ転記しないでください。,active
404,40401,11,青木,2025-01-01T10:00:00+09:00,,検索に出してはいけないDMの本文。,active
405,40501,11,青木,2025-01-01T10:00:00+09:00,,検索に出してはいけない個人メモ。,active
